snapshot_date,rank,path,title,count,uniques
2026-10-09,1,/danielep71/VBA-IRRBB-Toolkit,Overview,15,1
2026-10-09,2,/danielep71/VBA-IRRBB-Toolkit/branches,/branches,9,1
2026-10-09,3,/danielep71/VBA-IRRBB-Toolkit/actions,/actions,8,1
2026-10-09,4,/danielep71/VBA-IRRBB-Toolkit/issues,/issues,6,1
2026-10-09,5,/danielep71/VBA-IRRBB-Toolkit/actions/workflows/daily-traffic.yml,/actions/workflows/daily-traffic.yml,3,1
2026-10-09,6,/danielep71/VBA-IRRBB-Toolkit/branches/yours,/branches/yours,3,1
2026-10-09,7,/danielep71/VBA-IRRBB-Toolkit/wiki,/wiki,3,1
2026-10-09,8,/danielep71/VBA-IRRBB-Toolkit/actions/runs/37829383166,/actions/runs/37829383166,2,1
2026-10-09,9,/danielep71/VBA-IRRBB-Toolkit/pull/1,/pull/1,2,1
2026-10-09,10,/danielep71/VBA-IRRBB-Toolkit/pull/21,/pull/21,1,1
